{"loss": [1.6731997728347778, 1.467671275138855, 1.359304428100586, 1.2812819480895996, 1.2244783639907837, 1.171218991279602, 1.1237120628356934, 1.076249599456787, 1.0431313514709473, 0.9942212104797363, 0.9580392241477966, 0.9191349148750305, 0.8879653811454773, 0.8428139090538025, 0.8053386807441711, 0.7706230878829956, 0.7321361899375916, 0.7004978060722351, 0.6629960536956787, 0.6307823657989502, 0.5960366129875183, 0.567972719669342, 0.5437881350517273, 0.5118303894996643, 0.49124816060066223, 0.4749320447444916, 0.4419185221195221, 0.4268256425857544, 0.4052596390247345, 0.3910989761352539, 0.36832118034362793, 0.3529447615146637, 0.34421271085739136, 0.33006808161735535, 0.31777119636535645, 0.30555984377861023, 0.29715919494628906, 0.2818637490272522, 0.2805275022983551, 0.2673376798629761, 0.2604178190231323, 0.25149673223495483, 0.24285325407981873, 0.23555326461791992, 0.22709587216377258, 0.2274674028158188, 0.2214726060628891, 0.21407091617584229, 0.20892654359340668, 0.20288868248462677, 0.1976851522922516, 0.19460508227348328, 0.1884748637676239, 0.1869133710861206, 0.18583911657333374, 0.17834678292274475, 0.175306499004364, 0.1700678914785385, 0.1708621382713318, 0.16280537843704224, 0.16598650813102722, 0.16182398796081543, 0.15472839772701263, 0.15471002459526062, 0.15531593561172485, 0.15252752602100372, 0.1496374011039734, 0.14533229172229767, 0.1440502405166626, 0.13785313069820404, 0.13933242857456207, 0.13759905099868774, 0.13552922010421753, 0.13188497722148895, 0.1350339949131012, 0.13115628063678741, 0.13067202270030975, 0.1241130605340004, 0.12843160331249237, 0.12356507778167725, 0.1256520301103592, 0.12090083956718445, 0.12253132462501526, 0.12194154411554337, 0.11935434490442276, 0.12223699688911438, 0.1158938929438591, 0.11384925991296768, 0.1106317937374115, 0.11575544625520706, 0.11307598650455475, 0.1106741800904274, 0.1080128625035286, 0.10740987211465836, 0.10485535115003586, 0.1062103807926178, 0.10443319380283356, 0.10808011144399643, 0.1021806076169014, 0.10417531430721283], "accuracy": [0.33680689334869385, 0.4379116892814636, 0.4807444214820862, 0.5161189436912537, 0.5353570580482483, 0.5568256974220276, 0.5762729644775391, 0.5972885489463806, 0.609103262424469, 0.6259017586708069, 0.6444080471992493, 0.6591851711273193, 0.6714181303977966, 0.6906562447547913, 0.7032725811004639, 0.7151918411254883, 0.7329662442207336, 0.742062509059906, 0.7577109336853027, 0.7702924013137817, 0.7822465300559998, 0.7934339642524719, 0.7996026873588562, 0.8114174008369446, 0.821628987789154, 0.8259854316711426, 0.8415641188621521, 0.8437249660491943, 0.852472722530365, 0.8563064336776733, 0.8691666722297668, 0.8737322688102722, 0.8773220181465149, 0.8805980682373047, 0.8866622447967529, 0.8910535573959351, 0.893040120601654, 0.8987557888031006, 0.8983724117279053, 0.9053776264190674, 0.9067368507385254, 0.9101174473762512, 0.9119994640350342, 0.9162513613700867, 0.9206426739692688, 0.9184818863868713, 0.9213048219680786, 0.9241626858711243, 0.925765872001648, 0.9294601678848267, 0.9305056929588318, 0.930575430393219, 0.9325619339942932, 0.9316558241844177, 0.9360471367835999, 0.9356986284255981, 0.9389049410820007, 0.9406824111938477, 0.9406824111938477, 0.9437493681907654, 0.9409960508346558, 0.9435054063796997, 0.9467814564704895, 0.9450737237930298, 0.9443766474723816, 0.9466420412063599, 0.9488028287887573, 0.9488376975059509, 0.9503363370895386, 0.951869785785675, 0.9501969218254089, 0.9528107643127441, 0.9514864087104797, 0.9540654420852661, 0.9522531628608704, 0.9536820650100708, 0.9546231031417847, 0.9564701914787292, 0.955842912197113, 0.9572020769119263, 0.9563656449317932, 0.9582127928733826, 0.9578991532325745, 0.9572369456291199, 0.9585264921188354, 0.9598508477210999, 0.9595720171928406, 0.9608266949653625, 0.9614540338516235, 0.9601296186447144, 0.960269033908844, 0.9622207283973694, 0.9634754061698914, 0.9642072916030884, 0.9632314443588257, 0.9631965756416321, 0.9633359909057617, 0.9616979956626892, 0.9650089144706726, 0.9651482701301575], "val_loss": [1.5129607915878296], "val_accuracy": [0.4320690631866455]}