{"loss": [1.573098063468933, 1.3067703247070312, 1.171764612197876, 1.0684665441513062, 0.9769800305366516, 0.8796060085296631, 0.782669186592102, 0.6835638880729675, 0.5938382148742676, 0.4993014633655548, 0.4228397607803345, 0.3571075201034546, 0.29654231667518616, 0.24406205117702484, 0.21465498208999634, 0.17815230786800385, 0.16571785509586334, 0.15132549405097961, 0.13168074190616608, 0.12304877489805222, 0.10829749703407288, 0.10883866250514984, 0.09579423815011978, 0.09625668823719025, 0.0942433774471283, 0.09121599048376083, 0.08598008006811142, 0.08623595535755157, 0.06885967403650284, 0.07796761393547058, 0.06732581555843353, 0.07607901096343994, 0.06251302361488342, 0.06757991760969162, 0.06448503583669662, 0.05697682872414589, 0.0657077431678772, 0.05696281045675278, 0.054334234446287155, 0.0595628060400486, 0.047625187784433365, 0.06055295094847679, 0.05193611979484558, 0.05432786047458649, 0.05120528116822243, 0.049692850559949875, 0.047170449048280716, 0.04422958195209503, 0.05085964500904083, 0.0459294319152832, 0.045907191932201385, 0.04264159873127937, 0.0431688018143177, 0.04388852417469025, 0.04017484933137894, 0.050267476588487625, 0.038915809243917465, 0.04165428876876831, 0.037832118570804596, 0.043893709778785706, 0.032919131219387054, 0.03854166343808174, 0.03879338875412941, 0.03717527538537979, 0.0337785966694355, 0.0399450846016407, 0.03837878257036209, 0.03108035959303379, 0.03289780393242836, 0.03800908103585243, 0.02507246844470501, 0.035330723971128464, 0.03616246581077576, 0.03348977491259575, 0.02544545568525791, 0.039070598781108856, 0.029529187828302383, 0.03215224668383598, 0.026698894798755646, 0.03370679169893265, 0.030463142320513725, 0.028041496872901917, 0.02766788750886917, 0.02938341349363327, 0.028178516775369644, 0.030445853248238564, 0.030484071001410484, 0.024046169593930244, 0.02649018168449402, 0.027242204174399376, 0.028064409270882607, 0.02794414572417736, 0.022659633308649063, 0.027887919917702675, 0.026824045926332474, 0.03012307547032833, 0.02294088713824749, 0.02224898524582386, 0.025370370596647263, 0.026803070679306984], "accuracy": [0.3743770122528076, 0.49949464201927185, 0.557522714138031, 0.5963127017021179, 0.632802426815033, 0.6728819012641907, 0.7095807194709778, 0.7487540245056152, 0.7829435467720032, 0.8206879496574402, 0.8478374481201172, 0.8736974000930786, 0.8961767554283142, 0.9138466119766235, 0.9253824949264526, 0.9389746785163879, 0.9427735209465027, 0.9482800960540771, 0.9539608955383301, 0.9587007164955139, 0.9630223512649536, 0.9634754061698914, 0.9670302867889404, 0.9668560028076172, 0.9671348333358765, 0.9692608118057251, 0.9704108834266663, 0.9710730910301208, 0.9760220050811768, 0.9737915396690369, 0.9774857759475708, 0.9740006327629089, 0.9796814322471619, 0.976823627948761, 0.9768933057785034, 0.9821559190750122, 0.977660059928894, 0.9808664321899414, 0.9816331267356873, 0.9791935086250305, 0.9834454655647278, 0.9796814322471619, 0.9819816946983337, 0.9819119572639465, 0.9817725419998169, 0.983340859413147, 0.9834105968475342, 0.984595537185669, 0.9814589023590088, 0.9834454655647278, 0.9842121601104736, 0.9848743677139282, 0.984700083732605, 0.9848743677139282, 0.9864775538444519, 0.9826787114143372, 0.9862684011459351, 0.9859896302223206, 0.9860244393348694, 0.9844213128089905, 0.9878367781639099, 0.9862684011459351, 0.9867215156555176, 0.9862335920333862, 0.9881155490875244, 0.9856759309768677, 0.9860244393348694, 0.9883247017860413, 0.9891611337661743, 0.9864426851272583, 0.990136981010437, 0.9876624941825867, 0.9866169691085815, 0.9886034727096558, 0.9899975657463074, 0.9865472316741943, 0.9893353581428528, 0.9884292483329773, 0.9895445108413696, 0.9880807399749756, 0.9885686635971069, 0.98940509557724, 0.9896141886711121, 0.9889519810676575, 0.9889868497848511, 0.9887428879737854, 0.988673210144043, 0.9910779595375061, 0.9906597137451172, 0.9905203580856323, 0.9894747734069824, 0.9901021122932434, 0.9916355609893799, 0.9900672435760498, 0.9904157519340515, 0.9891959428787231, 0.9912870526313782, 0.9917401671409607, 0.9907294511795044, 0.9910430908203125], "val_loss": [1.3755302429199219], "val_accuracy": [0.47183695435523987]}